,date,country_name,new_confirmed,cumulative_persons_fully_vaccinated,mobility_workplaces,mobility_residential,average_temperature_celsius,predicted_new_confirmed
0,2021-09-01,Chile,375,13705602,5,11,12.801587,
1,2021-09-02,Chile,594,13730274,6,11,13.285714000000002,
2,2021-09-03,Chile,504,13748388,6,12,12.126984,
3,2021-09-04,Chile,477,13749227,6,9,13.079365,
4,2021-09-05,Chile,430,13749385,6,10,12.468254,
5,2021-09-06,Chile,435,13810969,6,11,12.626984,
6,2021-09-07,Chile,273,13874208,7,11,9.952380999999999,
7,2021-09-08,Chile,358,13890149,8,10,9.944444,
8,2021-09-09,Chile,515,13901803,7,10,11.015873,
9,2021-09-10,Chile,518,13911344,7,11,12.603175,
10,2021-09-11,Chile,489,13911961,6,11,12.896825,
11,2021-09-12,Chile,449,13912020,4,12,15.046296,
12,2021-09-13,Chile,426,13951887,0,11,11.420635,
13,2021-09-14,Chile,297,13991891,-1,9,10.18254,
14,2021-09-15,Chile,408,14008210,-1,8,11.269841,
15,2021-09-16,Chile,604,14016702,-10,7,13.031746,
16,2021-09-17,Chile,594,14016756,-64,19,13.777778,
17,2021-09-18,Chile,610,14016771,-52,10,13.634920999999999,
18,2021-09-19,Chile,491,14016776,-24,8,12.68254,
19,2021-09-20,Chile,280,14040151,-1,10,13.126984,
20,2021-09-21,Chile,291,14064651,5,10,12.634921,
21,2021-09-22,Chile,526,14082684,9,11,13.928571,
22,2021-09-23,Chile,886,14093998,9,11,14.642857000000001,
23,2021-09-24,Chile,852,14103734,8,11,15.968254,
24,2021-09-25,Chile,783,14104136,7,10,15.523810000000001,
25,2021-09-26,Chile,775,14104198,7,10,14.230159,
26,2021-09-27,Chile,640,14122117,11,11,13.81746,
27,2021-09-28,Chile,454,14142282,11,10,14.729167000000002,
28,2021-09-29,Chile,525,14153934,11,10,14.142857000000001,
29,2021-09-30,Chile,895,14162866,12,10,14.571429,
30,2021-10-01,Chile,846,14170663,11,10,13.895832999999998,
31,2021-10-02,Chile,853,14171030,7,8,13.277778,
32,2021-10-03,Chile,752,14171114,7,9,11.849206,
33,2021-10-04,Chile,673,14186487,11,10,12.849206,
34,2021-10-05,Chile,503,14202295,11,9,14.034722,
35,2021-10-06,Chile,714,14209863,13,9,13.055556,
36,2021-10-07,Chile,981,14216040,13,9,13.365079000000001,
37,2021-10-08,Chile,1037,14221752,11,10,13.706349,
38,2021-10-09,Chile,1033,14222047,7,7,13.055556,
39,2021-10-10,Chile,1105,14222068,5,7,14.952380999999999,
40,2021-10-11,Chile,996,14222346,-65,20,15.476189999999999,
41,2021-10-12,Chile,634,14287899,12,8,15.785714000000002,
42,2021-10-13,Chile,766,14341419,12,10,15.865079000000001,
43,2021-10-14,Chile,1223,14373950,13,10,14.047619000000001,
44,2021-10-15,Chile,1703,14392187,9,11,12.293650999999999,
45,2021-10-16,Chile,1774,14392616,10,8,13.896825,
46,2021-10-17,Chile,1562,14392656,9,9,14.785714000000002,
47,2021-10-18,Chile,1357,14439765,6,14,15.952380999999999,
48,2021-10-19,Chile,966,14494252,12,9,17.349206,
49,2021-10-20,Chile,1206,14555930,14,10,15.857142999999999,
50,2021-10-21,Chile,1842,14604414,14,10,16.833333,
51,2021-10-22,Chile,2086,14659952,14,10,16.256944,
52,2021-10-23,Chile,2056,14661202,10,8,14.428571,
53,2021-10-24,Chile,1882,14661267,8,10,17.420635,
54,2021-10-25,Chile,1677,14740089,14,10,20.833333,
55,2021-10-26,Chile,1201,14834617,15,9,19.920635,
56,2021-10-27,Chile,1753,14936240,16,9,18.979167,
57,2021-10-28,Chile,2205,15037261,16,9,20.402778,
58,2021-10-29,Chile,2379,15128422,14,8,20.697531,
59,2021-10-30,Chile,2230,15132687,8,5,19.652778,
60,2021-10-31,Chile,2250,15132947,11,4,16.347222,
61,2021-11-01,Chile,1806,15133470,-67,19,14.215278,1995.0556640625
62,2021-11-02,Chile,1390,15227336,14,8,16.819444,2000.513671875
63,2021-11-03,Chile,1360,15315620,15,9,17.524691,2059.775146484375
64,2021-11-04,Chile,1953,15396686,16,9,15.291667000000002,2071.015625
65,2021-11-05,Chile,2601,15467255,16,9,14.645832999999998,2017.1572265625
66,2021-11-06,Chile,2895,15471494,11,7,15.520832999999998,1953.40234375
67,2021-11-07,Chile,2682,15471706,9,9,16.326389000000002,1821.6265869140625
68,2021-11-08,Chile,2367,15514548,15,9,18.763889000000002,1911.8974609375
69,2021-11-09,Chile,1800,15573613,16,8,18.141975,2101.02587890625
70,2021-11-10,Chile,2229,15630837,17,8,16.277778,2112.15625
71,2021-11-11,Chile,2833,15685551,16,9,17.333333,2143.9775390625
72,2021-11-12,Chile,2950,15733315,16,9,17.895062,2140.525390625
73,2021-11-13,Chile,2712,15737103,10,7,17.451389000000002,1962.065673828125
74,2021-11-14,Chile,2835,15737358,8,9,17.027778,1779.6068115234375
75,2021-09-01,Colombia,1694,15737358,1,6,17.481481,
76,2021-09-02,Colombia,1640,14771114,1,6,20.587301999999998,
77,2021-09-03,Colombia,1811,14873013,9,6,18.916667,
78,2021-09-04,Colombia,1396,14912159,18,2,19.888889000000002,
79,2021-09-05,Colombia,675,14912159,20,2,20.0,
80,2021-09-06,Colombia,1292,14912159,2,7,18.958333,
81,2021-09-07,Colombia,1399,14912159,6,7,18.018519,
82,2021-09-08,Colombia,1679,14912159,3,6,17.680556,
83,2021-09-09,Colombia,1581,15572631,2,6,18.222222,
84,2021-09-10,Colombia,1688,15712902,10,6,20.055556,
85,2021-09-11,Colombia,1372,15712902,19,3,17.666667,
86,2021-09-12,Colombia,669,15746173,19,3,17.347222,
87,2021-09-13,Colombia,1233,15817661,4,6,20.694444,
88,2021-09-14,Colombia,1565,15902438,5,6,19.240741,
89,2021-09-15,Colombia,1641,15968154,2,6,17.805556,
90,2021-09-16,Colombia,1653,15968154,1,5,20.222222,
91,2021-09-17,Colombia,1518,16096455,8,4,22.763889000000002,
92,2021-09-18,Colombia,1259,16137068,18,0,22.296295999999998,
93,2021-09-19,Colombia,675,16159636,17,1,22.366667,
94,2021-09-20,Colombia,1247,16223761,4,6,17.236110999999998,
95,2021-09-21,Colombia,1533,16223761,6,7,19.166667,
96,2021-09-22,Colombia,1499,16353229,5,7,17.375,
97,2021-09-23,Colombia,1621,16423702,5,6,16.944444,
98,2021-09-24,Colombia,1494,16423702,11,5,21.34127,
99,2021-09-25,Colombia,1195,16538611,19,2,23.255556,
100,2021-09-26,Colombia,707,16684339,19,2,18.583333,
101,2021-09-27,Colombia,1253,16811660,7,6,21.731481,
102,2021-09-28,Colombia,1529,16811660,7,8,20.787036999999998,
103,2021-09-29,Colombia,1542,16929789,6,6,20.896825,
104,2021-09-30,Colombia,1692,16929789,6,5,17.407407,
105,2021-10-01,Colombia,1477,17207121,13,4,20.12963,
106,2021-10-02,Colombia,1205,17207121,20,1,21.015873000000003,
107,2021-10-03,Colombia,652,17207121,19,1,17.583333,
108,2021-10-04,Colombia,1304,17494197,8,5,19.037036999999998,
109,2021-10-05,Colombia,1490,17494197,9,6,19.259259,
110,2021-10-06,Colombia,1627,17865559,6,5,21.309524,
111,2021-10-07,Colombia,1500,18096506,6,5,21.788889,
112,2021-10-08,Colombia,1635,18308930,13,5,19.666667,
113,2021-10-09,Colombia,1273,18501504,20,2,17.125,
114,2021-10-10,Colombia,604,18593793,19,3,18.537036999999998,
115,2021-10-11,Colombia,1249,18815492,2,6,17.333333,
116,2021-10-12,Colombia,1535,19007794,4,6,20.240741,
117,2021-10-13,Colombia,1522,19199704,0,5,19.425926,
118,2021-10-14,Colombia,1597,19370919,-1,6,18.092593,
119,2021-10-15,Colombia,1512,19370919,5,4,20.144444,
120,2021-10-16,Colombia,1296,19370919,15,1,19.377778,
121,2021-10-17,Colombia,758,19724680,17,0,20.854167,
122,2021-10-18,Colombia,714,19773196,-60,12,16.777778,
123,2021-10-19,Colombia,1470,19773196,9,4,16.296295999999998,
124,2021-10-20,Colombia,1693,19773196,6,5,21.027778,
125,2021-10-21,Colombia,1808,19773196,6,5,17.638889000000002,
126,2021-10-22,Colombia,1554,20375431,14,5,20.287036999999998,
127,2021-10-23,Colombia,1630,20498474,22,3,20.97619,
128,2021-10-24,Colombia,864,20586698,23,4,17.486110999999998,
129,2021-10-25,Colombia,1553,20720822,9,6,17.763889000000002,
130,2021-10-26,Colombia,2104,20859742,11,6,17.444444,
131,2021-10-27,Colombia,2015,21005191,8,5,16.37037,
132,2021-10-28,Colombia,1876,21141526,9,4,19.677778,
133,2021-10-29,Colombia,1823,21141526,16,4,17.916667,
134,2021-10-30,Colombia,1697,21356231,24,0,22.972222,
135,2021-10-31,Colombia,807,21398743,31,-1,18.240741,
136,2021-11-01,Colombia,689,21398743,-59,14,18.955556,1619.999267578125
137,2021-11-02,Colombia,1636,21561295,12,4,19.37037,1493.5535888671875
138,2021-11-03,Colombia,1954,21682604,9,4,20.222222,1488.69775390625
139,2021-11-04,Colombia,2206,21813816,8,4,19.333333,1483.6669921875
140,2021-11-05,Colombia,2390,21813816,17,4,18.25,1480.617919921875
141,2021-11-06,Colombia,1963,22069693,25,1,23.407407,1349.9029541015625
142,2021-11-07,Colombia,1082,22140469,25,2,21.277778,1231.7958984375
143,2021-11-08,Colombia,2214,22249865,11,5,17.305556,1328.5911865234375
144,2021-11-09,Colombia,2402,22249865,13,5,17.722222,1509.078369140625
145,2021-11-10,Colombia,2592,22501438,10,4,17.402778,1537.8992919921875
146,2021-11-11,Colombia,2560,22626221,9,4,20.177778,1542.2315673828125
147,2021-11-12,Colombia,2732,22759122,15,3,21.555556,1502.7313232421875
148,2021-11-13,Colombia,2114,22759122,21,0,20.666667,1302.9901123046875
149,2021-11-14,Colombia,1153,22940295,23,0,18.222222,1187.137451171875
150,2021-09-01,Germany,14251,50723714,-19,3,15.255556,
151,2021-09-02,Germany,10835,50865793,-18,3,15.983332999999998,
152,2021-09-03,Germany,10453,51004931,-18,2,17.227778,
153,2021-09-04,Germany,4749,51069615,5,-2,16.116667,
154,2021-09-05,Germany,6726,51107713,14,-3,16.405556,
155,2021-09-06,Germany,13565,51192319,-18,3,17.511111,
156,2021-09-07,Germany,15431,51311119,-16,4,18.188889,
157,2021-09-08,Germany,12969,51452454,-16,2,18.938889,
158,2021-09-09,Germany,11214,51589287,-16,3,20.272222,
159,2021-09-10,Germany,7345,51721191,-16,3,19.888889000000002,
160,2021-09-11,Germany,5511,51792488,3,0,18.177778,
161,2021-09-12,Germany,6325,51834050,12,-2,17.238889,
162,2021-09-13,Germany,12455,51928105,-16,3,15.744444,
163,2021-09-14,Germany,12925,52051773,-15,3,18.244444,
164,2021-09-15,Germany,11022,52204735,-15,4,18.7,
165,2021-09-16,Germany,8901,52347848,-17,3,15.238889000000002,
166,2021-09-17,Germany,7337,52487576,-18,3,14.627778,
167,2021-09-18,Germany,3736,52560750,1,-1,14.4,
168,2021-09-19,Germany,4664,52604901,6,-1,12.511111,
169,2021-09-20,Germany,10454,52694780,-19,4,11.105556,
170,2021-09-21,Germany,10696,52816987,-15,4,11.766667,
171,2021-09-22,Germany,9727,52960822,-13,3,12.983333,
172,2021-09-23,Germany,7211,53098052,-14,3,14.994444,
173,2021-09-24,Germany,7774,53232998,-15,3,15.316667,
174,2021-09-25,Germany,3022,53299608,4,-1,16.538889,
175,2021-09-26,Germany,4171,53336593,14,-2,17.844444,
176,2021-09-27,Germany,11780,53419222,-14,4,17.083333,
177,2021-09-28,Germany,12150,53532254,-14,4,13.005556,
178,2021-09-29,Germany,10118,53660555,-16,4,11.677778,
179,2021-09-30,Germany,8517,53786780,-15,3,10.488889,
180,2021-10-01,Germany,6164,53852218,-16,3,12.516667,
181,2021-10-02,Germany,3088,53870442,2,0,14.888889,
182,2021-10-03,Germany,4799,53878246,4,0,18.027778,
183,2021-10-04,Germany,11547,53926698,-18,3,12.372222,
184,2021-10-05,Germany,11644,54016972,-17,5,11.772222,
185,2021-10-06,Germany,10429,54116058,-16,4,10.911111,
186,2021-10-07,Germany,8854,54219807,-16,4,10.977778,
187,2021-10-08,Germany,7612,54308622,-17,3,10.361111,
188,2021-10-09,Germany,3111,54331245,1,-1,9.361111,
189,2021-10-10,Germany,4971,54340633,6,-1,7.711111,
190,2021-10-11,Germany,11903,54386316,-22,4,8.238889,
191,2021-10-12,Germany,12382,54468779,-21,6,8.316667,
192,2021-10-13,Germany,11518,54561285,-21,5,7.566667,
193,2021-10-14,Germany,10949,54656405,-21,5,10.044444,
194,2021-10-15,Germany,8682,54736072,-22,5,9.2,
195,2021-10-16,Germany,4056,54758387,-1,1,6.783333,
196,2021-10-17,Germany,6771,54766998,2,0,8.222222,
197,2021-10-18,Germany,17015,54807014,-23,4,8.433333,
198,2021-10-19,Germany,16077,54884367,-22,6,11.233333,
199,2021-10-20,Germany,19572,54969385,-22,5,14.216667000000001,
200,2021-10-21,Germany,15145,55054459,-23,7,10.333333,
201,2021-10-22,Germany,13732,55121731,-23,6,6.950617,
202,2021-10-23,Germany,6573,55141715,0,1,6.5,
203,2021-10-24,Germany,10473,55148299,4,0,6.296296,
204,2021-10-25,Germany,23212,55190803,-18,4,7.401235000000001,
205,2021-10-26,Germany,28037,55269904,-17,5,10.691358000000001,
206,2021-10-27,Germany,24668,55355628,-16,5,10.962963,
207,2021-10-28,Germany,21543,55441531,-16,4,8.577778,
208,2021-10-29,Germany,16887,55511892,-18,4,8.555556,
209,2021-10-30,Germany,9658,55531108,0,1,8.644444,
210,2021-10-31,Germany,10813,55537027,2,-1,12.944444,
211,2021-11-01,Germany,20398,55557261,-54,13,9.861111,20941.2578125
212,2021-11-02,Germany,33949,55620549,-17,5,7.272222,21343.693359375
213,2021-11-03,Germany,37120,55699205,-16,5,6.516667,21575.029296875
214,2021-11-04,Germany,34002,55777925,-17,6,6.261111,21603.5078125
215,2021-11-05,Germany,23543,55840584,-17,6,6.7555559999999995,21464.64453125
216,2021-11-06,Germany,15513,55859230,1,3,6.5,19033.48828125
217,2021-11-07,Germany,21832,55868029,0,3,6.788889,17942.27734375
218,2021-11-08,Germany,39676,55906491,-14,5,6.75,18513.408203125
219,2021-11-09,Germany,50196,55979929,-13,5,6.683333,21242.05078125
220,2021-11-10,Germany,48640,56056067,-13,5,3.233333,21970.20703125
221,2021-11-11,Germany,45081,56134734,-13,5,3.105556,21006.216796875
222,2021-11-12,Germany,33498,56191874,-15,6,3.0,21332.685546875
223,2021-11-13,Germany,23607,56211971,-1,4,4.516667,18979.095703125
224,2021-11-14,Germany,32048,56221340,-2,3,6.716667,17461.162109375
225,2021-09-01,France,17621,44660943,-23,4,18.527778,
226,2021-09-02,France,15911,44922949,-26,4,20.094444,
227,2021-09-03,France,13466,45232036,-24,4,20.811111,
228,2021-09-04,France,13336,45462350,0,-1,20.088889,
229,2021-09-05,France,10410,45510761,12,-3,21.355556,
230,2021-09-06,France,3042,45701683,-24,2,22.666667,
231,2021-09-07,France,14534,45892811,-23,1,23.0,
232,2021-09-08,France,12828,46109375,-21,2,21.555556,
233,2021-09-09,France,10969,46283288,-22,2,19.788889,
234,2021-09-10,France,9966,46497840,-22,2,18.411111,
235,2021-09-11,France,9601,46675729,0,-2,17.211111,
236,2021-09-12,France,7679,46709873,11,-3,17.722222,
237,2021-09-13,France,2062,46844306,-23,1,20.005556,
238,2021-09-14,France,10327,46980545,-22,2,20.783333,
239,2021-09-15,France,9144,47154822,-22,2,19.172222,
240,2021-09-16,France,8128,47272159,-23,1,18.277778,
241,2021-09-17,France,7373,47431408,-23,2,17.111110999999998,
242,2021-09-18,France,7414,47575241,-2,-1,15.955556,
243,2021-09-19,France,5814,47600173,6,-1,14.55,
244,2021-09-20,France,1515,47696230,-21,2,14.633332999999999,
245,2021-09-21,France,7851,47794463,-18,2,14.95,
246,2021-09-22,France,6794,47938014,-14,2,14.483332999999998,
247,2021-09-23,France,6229,48027841,-14,1,14.95,
248,2021-09-24,France,5879,48158609,-15,2,15.75,
249,2021-09-25,France,6012,48276372,-1,-1,16.333333,
250,2021-09-26,France,4706,48295011,5,-1,17.822222,
251,2021-09-27,France,1309,48373397,-15,2,15.85,
252,2021-09-28,France,6765,48446847,-14,2,12.877778,
253,2021-09-29,France,5835,48549151,-15,2,13.961110999999999,
254,2021-09-30,France,5204,48618080,-14,1,8.827778,
255,2021-10-01,France,4935,48715501,-16,3,12.177778,
256,2021-10-02,France,4948,48796506,-4,0,16.25,
257,2021-10-03,France,3744,48807843,-1,1,15.172222,
258,2021-10-04,France,1138,48866491,-17,3,13.233332999999998,
259,2021-10-05,France,5558,48928141,-16,3,12.805556,
260,2021-10-06,France,4946,49007646,-14,2,11.188889,
261,2021-10-07,France,4615,49066273,-13,1,10.427778,
262,2021-10-08,France,4470,49155426,-15,2,12.655555999999999,
263,2021-10-09,France,4734,49219011,-3,-1,11.522222,
264,2021-10-10,France,3991,49226567,1,-1,9.644444,
265,2021-10-11,France,1120,49276751,-14,2,9.477778,
266,2021-10-12,France,5880,49327680,-13,2,9.7,
267,2021-10-13,France,5578,49389765,-13,2,9.616667,
268,2021-10-14,France,5187,49438980,-12,1,8.461111,
269,2021-10-15,France,6099,49508274,-14,2,8.516667,
270,2021-10-16,France,4899,49554720,-3,0,9.7,
271,2021-10-17,France,3778,49560423,0,-1,10.988889,
272,2021-10-18,France,1057,49601143,-14,3,13.355556,
273,2021-10-19,France,5934,49641810,-13,2,17.433332999999998,
274,2021-10-20,France,6036,49692767,-13,3,16.333333,
275,2021-10-21,France,6127,49733943,-12,2,12.666667,
276,2021-10-22,France,6366,49792384,-13,3,7.7,
277,2021-10-23,France,6291,49833505,-5,0,8.072222,
278,2021-10-24,France,5005,49838482,-2,-1,7.877778,
279,2021-10-25,France,1295,49873174,-27,5,9.8,
280,2021-10-26,France,6603,49905036,-25,4,11.422222,
281,2021-10-27,France,6528,49948490,-22,3,8.983333,
282,2021-10-28,France,6461,49978949,-26,3,11.044444,
283,2021-10-29,France,6433,50024495,-29,5,12.877778,
284,2021-10-30,France,7360,50057123,-11,0,13.066667,
285,2021-10-31,France,6329,50061072,-5,-1,13.044444,
286,2021-11-01,France,1866,50065221,-82,17,10.65,9012.1220703125
287,2021-11-02,France,2039,50101113,-29,5,9.355556,9417.6982421875
288,2021-11-03,France,10050,50144117,-24,4,7.311111,9371.4892578125
289,2021-11-04,France,9502,50175438,-27,5,5.627778,9380.9892578125
290,2021-11-05,France,8998,50220262,-27,6,7.594444,9420.4658203125
291,2021-11-06,France,9605,50252945,-7,1,5.011111,8609.8203125
292,2021-11-07,France,8547,50257317,-4,1,6.966667,7972.15576171875
293,2021-11-08,France,2197,50288686,-13,3,6.25,8125.70166015625
294,2021-11-09,France,12476,50322031,-12,2,4.383333,8747.712890625
295,2021-11-10,France,11883,50366205,-13,0,4.022222,8535.322265625
296,2021-11-11,France,12603,50371795,-78,19,6.022222,9453.7255859375
297,2021-11-12,France,3860,50414233,-38,9,7.05,9464.4208984375
298,2021-11-13,France,14646,50443201,-8,2,10.483333,8630.3681640625
299,2021-11-14,France,12496,50446973,-5,1,9.605556,8065.69873046875
300,2021-09-01,United Kingdom,42826,43023372,-36,9,12.805556,
301,2021-09-02,United Kingdom,41622,43142747,-35,8,13.577778,
302,2021-09-03,United Kingdom,38015,43253337,-33,7,12.35,
303,2021-09-04,United Kingdom,31359,43381890,-5,1,12.827160000000001,
304,2021-09-05,United Kingdom,31262,43455083,-1,0,15.493827,
305,2021-09-06,United Kingdom,44142,43535098,-33,7,16.572222,
306,2021-09-07,United Kingdom,38015,43620946,-32,7,17.822222,
307,2021-09-08,United Kingdom,35233,43708906,-31,7,19.605556,
308,2021-09-09,United Kingdom,33407,43805608,-31,7,17.183332999999998,
309,2021-09-10,United Kingdom,28728,43897419,-29,6,17.227778,
310,2021-09-11,United Kingdom,23206,43995478,-5,1,15.805556,
311,2021-09-12,United Kingdom,23664,44048093,-2,0,11.555556,
312,2021-09-13,United Kingdom,34119,44108746,-32,7,11.777778,
313,2021-09-14,United Kingdom,30935,44175471,-33,8,12.661111,
314,2021-09-15,United Kingdom,29945,44238761,-31,7,13.755556,
315,2021-09-16,United Kingdom,29177,44302734,-32,6,14.177778,
316,2021-09-17,United Kingdom,29063,44363118,-32,6,14.105556,
317,2021-09-18,United Kingdom,26302,44435615,-7,0,15.1,
318,2021-09-19,United Kingdom,30544,44470772,-5,1,14.188889000000001,
319,2021-09-20,United Kingdom,40113,44517114,-33,6,12.483333,
320,2021-09-21,United Kingdom,38259,44560520,-32,7,12.888889,
321,2021-09-22,United Kingdom,36151,44604567,-29,7,14.705556,
322,2021-09-23,United Kingdom,35216,44649155,-29,7,14.433333,
323,2021-09-24,United Kingdom,31615,44693914,-30,5,16.155556,
324,2021-09-25,United Kingdom,28141,44741032,-7,1,16.233333,
325,2021-09-26,United Kingdom,31519,44766571,-4,1,16.033333,
326,2021-09-27,United Kingdom,40908,44799748,-32,8,11.922222,
327,2021-09-28,United Kingdom,35915,44833280,-32,8,9.511111,
328,2021-09-29,United Kingdom,34296,44867373,-31,7,8.638889,
329,2021-09-30,United Kingdom,32022,44901832,-31,8,10.755556,
330,2021-10-01,United Kingdom,28637,44936121,-30,7,10.555556,
331,2021-10-02,United Kingdom,25897,44970512,-10,3,8.488889,
332,2021-10-03,United Kingdom,31505,44992044,-5,2,9.177778,
333,2021-10-04,United Kingdom,43073,45021381,-32,7,9.133333,
334,2021-10-05,United Kingdom,38622,45049953,-32,8,8.922222,
335,2021-10-06,United Kingdom,38619,45078529,-30,7,9.938889,
336,2021-10-07,United Kingdom,37880,45107185,-30,7,14.616667000000001,
337,2021-10-08,United Kingdom,35006,45136253,-29,6,14.527778,
338,2021-10-09,United Kingdom,31725,45169730,-7,1,13.661110999999998,
339,2021-10-10,United Kingdom,35828,45189181,-5,1,10.5,
340,2021-10-11,United Kingdom,49463,45212813,-31,7,10.1,
341,2021-10-12,United Kingdom,47504,45239759,-30,7,10.522222,
342,2021-10-13,United Kingdom,46985,45269240,-30,7,11.111111,
343,2021-10-14,United Kingdom,45631,45297231,-29,7,11.027778,
344,2021-10-15,United Kingdom,42872,45326663,-29,6,5.8277779999999995,
345,2021-10-16,United Kingdom,37285,45360146,-8,2,6.522222,
346,2021-10-17,United Kingdom,42982,45377411,-6,2,12.177778,
347,2021-10-18,United Kingdom,56711,45400990,-32,8,12.8,
348,2021-10-19,United Kingdom,51589,45433757,-31,8,14.716667000000001,
349,2021-10-20,United Kingdom,50833,45460122,-31,8,8.927778,
350,2021-10-21,United Kingdom,44436,45486950,-30,7,5.633333,
351,2021-10-22,United Kingdom,39981,45513120,-31,7,8.161111,
352,2021-10-23,United Kingdom,34543,45543363,-9,2,8.972222,
353,2021-10-24,United Kingdom,35144,45561445,-7,2,10.222222,
354,2021-10-25,United Kingdom,46641,45582891,-40,8,8.788889,
355,2021-10-26,United Kingdom,41416,45605922,-39,9,11.438889,
356,2021-10-27,United Kingdom,42277,45627499,-39,9,14.394444,
357,2021-10-28,United Kingdom,40657,45651222,-39,8,13.316667,
358,2021-10-29,United Kingdom,39535,45673501,-39,8,10.261111,
359,2021-10-30,United Kingdom,33015,45698902,-10,1,7.888889,
360,2021-10-31,United Kingdom,34130,45712351,-7,2,7.655556,
361,2021-11-01,United Kingdom,44208,45731565,-31,8,7.45,39335.29296875
362,2021-11-02,United Kingdom,37129,45752487,-29,7,5.355556,41873.5859375
363,2021-11-03,United Kingdom,35033,45770452,-28,8,5.7555559999999995,42978.67578125
364,2021-11-04,United Kingdom,32351,45790934,-28,7,3.772222,43517.46875
365,2021-11-05,United Kingdom,29739,45813567,-28,7,6.094444,42657.1875
366,2021-11-06,United Kingdom,26948,45838067,-9,3,9.45679,36742.40625
367,2021-11-07,United Kingdom,29984,45852677,-6,1,7.302469,33104.6796875
368,2021-11-08,United Kingdom,43301,45873038,-29,7,7.844444,34328.27734375
369,2021-11-09,United Kingdom,41447,45894237,-28,7,11.85,38562.25
370,2021-11-10,United Kingdom,42097,45942003,-27,8,8.455556,39957.9921875
371,2021-11-11,United Kingdom,40230,45964488,-27,7,8.266667,39103.4375
372,2021-11-12,United Kingdom,37006,45986536,-28,7,10.111111,38041.69921875
373,2021-11-13,United Kingdom,32332,46010861,-8,2,9.311111,33238.875
374,2021-11-14,United Kingdom,34805,46027909,-6,1,8.544444,31207.16015625
375,2021-09-01,India,45352,151908785,-13,10,29.587302,
376,2021-09-02,India,42618,154147659,-12,10,29.555556,
377,2021-09-03,India,42766,155987081,-10,10,28.579365000000003,
378,2021-09-04,India,38948,156729100,0,9,29.055556,
379,2021-09-05,India,31222,159196152,1,9,29.190476,
380,2021-09-06,India,37875,160591270,-12,10,28.539683,
381,2021-09-07,India,43263,163664402,-14,10,27.462963000000002,
382,2021-09-08,India,34973,167088377,-10,8,28.142857,
383,2021-09-09,India,33376,170215578,-12,8,28.34127,
384,2021-09-10,India,28591,171150008,-29,14,28.507937,
385,2021-09-11,India,27254,174444404,-12,10,27.317459999999997,
386,2021-09-12,India,25404,176940864,0,7,28.015873,
387,2021-09-13,India,27176,180237914,-14,10,26.761905,
388,2021-09-14,India,30570,181051759,-15,10,25.460317,
389,2021-09-15,India,34403,184494452,-11,9,26.880952,
390,2021-09-16,India,35662,188499533,-14,10,26.452381,
391,2021-09-17,India,30773,191282617,-13,10,27.055556,
392,2021-09-18,India,30256,198809823,-1,8,28.206349,
393,2021-09-19,India,26115,202571907,-1,8,26.865078999999998,
394,2021-09-20,India,26964,205669279,-12,10,27.896825,
395,2021-09-21,India,31923,209475729,-13,10,28.357143,
396,2021-09-22,India,31382,211638045,-7,10,27.452381,
397,2021-09-23,India,29616,216030785,-8,10,27.65873,
398,2021-09-24,India,28326,220331219,-7,10,28.952381,
399,2021-09-25,India,26041,222582168,-1,8,28.960317,
400,2021-09-26,India,18795,224190090,4,8,28.849206,
401,2021-09-27,India,18870,229470950,-14,12,28.287036999999998,
402,2021-09-28,India,23529,231398730,-11,10,28.214285999999998,
403,2021-09-29,India,26727,234399152,-7,10,27.690476,
404,2021-09-30,India,24354,237476249,-7,9,27.650794,
405,2021-10-01,India,22842,240459787,-6,9,27.920634999999997,
406,2021-10-02,India,20799,244047971,-24,12,28.0,
407,2021-10-03,India,18346,246411092,5,7,28.657407,
408,2021-10-04,India,18833,248813662,-7,8,29.269840999999996,
409,2021-10-05,India,22431,252051019,-9,8,28.214285999999998,
410,2021-10-06,India,21257,254551022,-10,9,28.896825,
411,2021-10-07,India,19740,256309333,-8,9,29.261905,
412,2021-10-08,India,18166,260058462,-5,8,29.103175,
413,2021-10-09,India,18132,263788737,-3,8,29.198413000000002,
414,2021-10-10,India,14313,267641477,8,6,28.595238000000002,
415,2021-10-11,India,15823,269570606,-9,8,28.412698,
416,2021-10-12,India,18987,272652701,-12,7,28.571429,
417,2021-10-13,India,16862,274936033,-13,7,28.65873,
418,2021-10-14,India,15981,276227246,-23,8,28.571429,
419,2021-10-15,India,14146,277747310,-45,14,28.833333000000003,
420,2021-10-16,India,13596,278694030,-9,8,29.134921000000002,
421,2021-10-17,India,13058,280808336,4,6,27.738095,
422,2021-10-18,India,14623,282315818,-11,8,27.388889000000002,
423,2021-10-19,India,18454,286972753,-23,10,27.325397,
424,2021-10-20,India,15786,291552797,-11,8,27.15873,
425,2021-10-21,India,16326,293652256,-6,8,26.84127,
426,2021-10-22,India,15906,297541073,-4,8,26.277778,
427,2021-10-23,India,14306,299553298,2,7,26.150794,
428,2021-10-24,India,12428,304591540,7,7,26.079365,
429,2021-10-25,India,13451,305705808,-5,8,26.015873000000003,
430,2021-10-26,India,16156,309700995,-7,8,25.746032,
431,2021-10-27,India,14348,313143546,-3,8,25.555556,
432,2021-10-28,India,14313,316825128,-4,8,25.055556,
433,2021-10-29,India,12830,322508748,-2,9,25.150794,
434,2021-10-30,India,12514,326677437,8,6,25.285714000000002,
435,2021-10-31,India,10423,329088622,18,5,24.642857,
436,2021-11-01,India,11903,332073961,-10,8,24.253968,16955.451171875
437,2021-11-02,India,12885,333272071,-11,7,24.738095,17566.546875
438,2021-11-03,India,12729,336557471,-16,8,25.325397,17837.12109375
439,2021-11-04,India,10929,337749522,-50,16,24.888889000000002,18119.357421875
440,2021-11-05,India,10853,338199584,-46,14,24.02381,17946.224609375
441,2021-11-06,India,11451,339809082,-29,8,23.603175,17225.34765625
442,2021-11-07,India,10126,341931630,-6,4,23.222222,15532.5771484375
443,2021-11-08,India,11466,345485882,-16,7,22.849206,16430.7578125
444,2021-11-09,India,13091,348163758,-13,7,22.619048,17695.5234375
445,2021-11-10,India,12516,352209127,-14,8,22.928570999999998,17881.755859375
446,2021-11-11,India,11850,355903367,-13,8,23.460317,17904.1875
447,2021-11-12,India,11271,362243853,-8,8,24.563492,17743.412109375
448,2021-11-13,India,10229,367698745,-5,7,23.349206,16527.314453125
449,2021-11-14,India,8865,370227215,3,5,23.793651,15802.3095703125
450,2021-09-01,Japan,17456,59060074,-12,8,27.516666999999998,
451,2021-09-02,Japan,16850,59593329,-14,9,23.972222,
452,2021-09-03,Japan,15469,59593329,-14,11,22.772222,
453,2021-09-04,Japan,14374,59593329,-13,9,23.8,
454,2021-09-05,Japan,9145,59593329,-10,7,25.45,
455,2021-09-06,Japan,10477,60619470,-12,8,24.872222,
456,2021-09-07,Japan,12118,61995078,-13,8,24.572222,
457,2021-09-08,Japan,10729,62546331,-13,8,23.322222,
458,2021-09-09,Japan,9178,63077767,-13,8,24.15,
459,2021-09-10,Japan,9072,63077767,-13,9,25.988889,
460,2021-09-11,Japan,7454,63077767,-15,8,25.038889,
461,2021-09-12,Japan,4898,64476713,-10,6,23.816667000000002,
462,2021-09-13,Japan,5875,65214186,-12,7,23.861110999999998,
463,2021-09-14,Japan,6686,66035834,-13,8,21.355556,
464,2021-09-15,Japan,6020,66626447,-12,7,23.244444,
465,2021-09-16,Japan,5112,67204659,-12,7,25.005556,
466,2021-09-17,Japan,5008,67204659,-14,10,23.822222,
467,2021-09-18,Japan,3567,67204659,-14,9,25.338889,
468,2021-09-19,Japan,2405,67204659,-10,3,24.872222,
469,2021-09-20,Japan,2004,68854745,-61,17,25.505556,
470,2021-09-21,Japan,2845,69837576,-11,6,24.555556,
471,2021-09-22,Japan,3457,69837576,-10,5,24.672222,
472,2021-09-23,Japan,2477,70730572,-57,18,25.083333,
473,2021-09-24,Japan,2488,70730572,-14,8,23.4,
474,2021-09-25,Japan,2288,70730572,-9,6,23.983333,
475,2021-09-26,Japan,1386,72493929,-9,5,19.95,
476,2021-09-27,Japan,1570,73417188,-11,6,23.327778,
477,2021-09-28,Japan,2005,74369435,-11,6,24.45,
478,2021-09-29,Japan,1673,75044365,-11,6,25.016667,
479,2021-09-30,Japan,1510,75704359,-10,6,24.344444,
480,2021-10-01,Japan,1264,75704359,-13,10,23.672222,
481,2021-10-02,Japan,963,75704359,-9,5,22.811111,
482,2021-10-03,Japan,732,77162035,-7,4,24.138889000000002,
483,2021-10-04,Japan,897,77921267,-9,5,24.555556,
484,2021-10-05,Japan,1077,78857760,-10,5,24.133333,
485,2021-10-06,Japan,990,79398361,-10,5,23.188889,
486,2021-10-07,Japan,867,79952726,-10,5,24.305556,
487,2021-10-08,Japan,785,79952726,-11,6,24.405556,
488,2021-10-09,Japan,579,79952726,-13,5,25.305556,
489,2021-10-10,Japan,418,81462027,-8,3,24.65,
490,2021-10-11,Japan,544,82049243,-11,6,24.705556,
491,2021-10-12,Japan,714,82829761,-10,6,24.216667,
492,2021-10-13,Japan,619,83311005,-10,6,22.583333,
493,2021-10-14,Japan,534,83656184,-10,5,21.438889,
494,2021-10-15,Japan,506,83656184,-11,5,21.583333,
495,2021-10-16,Japan,412,83656184,-10,4,21.766667,
496,2021-10-17,Japan,297,84862796,-9,4,15.244444,
497,2021-10-18,Japan,347,85337292,-9,5,15.927778,
498,2021-10-19,Japan,373,86088680,-10,6,15.805556,
499,2021-10-20,Japan,351,86515714,-9,5,13.605556,
500,2021-10-21,Japan,305,86937361,-9,5,13.372222,
501,2021-10-22,Japan,299,86937361,-11,6,15.4,
502,2021-10-23,Japan,246,86937361,-12,4,13.216667000000001,
503,2021-10-24,Japan,166,88164264,-7,2,15.511110999999998,
504,2021-10-25,Japan,263,88797909,-9,5,13.583332999999998,
505,2021-10-26,Japan,342,88797909,-9,5,15.75,
506,2021-10-27,Japan,271,89359060,-8,4,16.005556,
507,2021-10-28,Japan,4343,90154382,-8,4,16.7,
508,2021-10-29,Japan,287,90154382,-9,5,14.566667,
509,2021-10-30,Japan,254,90154382,-8,3,16.655556,
510,2021-10-31,Japan,102,91229398,-6,2,16.2,
511,2021-11-01,Japan,196,91771479,-7,4,17.5,1617.958251953125
512,2021-11-02,Japan,233,91771479,-7,4,16.322222,1692.3896484375
513,2021-11-03,Japan,204,92207051,-56,16,15.794444,1872.8404541015625
514,2021-11-04,Japan,200,92556990,-7,4,15.183333,1840.395751953125
515,2021-11-05,Japan,238,92556990,-8,5,14.0,1808.02734375
516,2021-11-06,Japan,163,92556990,-7,3,15.261110999999998,1749.7642822265625
517,2021-11-07,Japan,119,93361962,-8,3,17.172222,1710.8345947265625
518,2021-11-08,Japan,195,93762791,-7,5,19.238889,1755.8201904296875
519,2021-11-09,Japan,204,94134252,-9,6,13.177778,1836.3544921875
520,2021-11-10,Japan,220,94134252,-8,4,12.827778,1848.5396728515625
521,2021-11-11,Japan,183,94589255,-8,4,11.905555999999999,1842.9000244140625
522,2021-11-12,Japan,199,94589255,-8,5,10.7,1912.640869140625
523,2021-11-13,Japan,146,94589255,-12,3,11.488889,1856.903564453125
524,2021-11-14,Japan,95,95133716,-8,2,12.155555999999999,1734.85546875
525,2021-09-01,South Korea,1709,16471518,0,5,22.138889000000002,
526,2021-09-02,South Korea,1803,16972195,1,3,21.594444,
527,2021-09-03,South Korea,1490,17672114,0,3,21.233333,
528,2021-09-04,South Korea,1374,17933375,-5,3,22.233333,
529,2021-09-05,South Korea,1596,17941844,-6,2,21.127778,
530,2021-09-06,South Korea,2048,18577108,2,3,20.655556,
531,2021-09-07,South Korea,2049,18998836,1,3,21.311111,
532,2021-09-08,South Korea,1892,19306510,2,2,21.472222,
533,2021-09-09,South Korea,1865,19599110,3,1,22.811111,
534,2021-09-10,South Korea,1755,20017377,2,2,22.033333,
535,2021-09-11,South Korea,1431,20230098,-3,3,22.994444,
536,2021-09-12,South Korea,1496,20255920,-4,2,24.144444,
537,2021-09-13,South Korea,2078,20679482,4,1,22.666667,
538,2021-09-14,South Korea,1943,20904665,3,0,21.772222,
539,2021-09-15,South Korea,2008,21345312,2,1,21.722222,
540,2021-09-16,South Korea,2084,21659686,3,1,22.211111,
541,2021-09-17,South Korea,1909,22105074,0,4,19.416667,
542,2021-09-18,South Korea,1603,22295784,-11,3,21.372222,
543,2021-09-19,South Korea,1729,22321954,-12,-1,21.544444,
544,2021-09-20,South Korea,1720,22336181,-76,12,23.255556,
545,2021-09-21,South Korea,1715,22340716,-83,8,21.405556,
546,2021-09-22,South Korea,2434,22357012,-72,16,21.711111,
547,2021-09-23,South Korea,3269,22734487,-4,3,19.65,
548,2021-09-24,South Korea,2769,23150249,-1,4,20.522222,
549,2021-09-25,South Korea,2383,23366251,-1,5,20.122222,
550,2021-09-26,South Korea,2287,23390322,-2,4,20.583333,
551,2021-09-27,South Korea,2885,24103176,6,2,21.238889,
552,2021-09-28,South Korea,2562,24794269,5,1,21.683332999999998,
553,2021-09-29,South Korea,2485,25321736,2,4,21.111110999999998,
554,2021-09-30,South Korea,2247,25864563,5,1,20.744444,
555,2021-10-01,South Korea,2085,26726964,3,2,21.044444,
556,2021-10-02,South Korea,1673,27134615,-4,3,20.7,
557,2021-10-03,South Korea,1574,27168187,-7,1,21.8,
558,2021-10-04,South Korea,2026,27378644,-45,13,23.05,
559,2021-10-05,South Korea,2423,28146108,6,0,22.322222,
560,2021-10-06,South Korea,2176,28658175,4,2,21.527778,
561,2021-10-07,South Korea,1949,29370204,5,2,21.027778,
562,2021-10-08,South Korea,1594,30470487,3,2,20.883333,
563,2021-10-09,South Korea,1297,30574710,-15,3,22.694444,
564,2021-10-10,South Korea,1342,30592963,-9,2,22.383333,
565,2021-10-11,South Korea,1581,30759471,-47,14,15.483332999999998,
566,2021-10-12,South Korea,1938,31361429,6,0,15.461110999999999,
567,2021-10-13,South Korea,1684,31773803,5,1,18.227778,
568,2021-10-14,South Korea,1617,32232339,6,0,19.194444,
569,2021-10-15,South Korea,1417,32954028,4,2,17.9,
570,2021-10-16,South Korea,1050,33309668,-4,5,9.411111,
571,2021-10-17,South Korea,1072,33329547,-4,3,5.966667,
572,2021-10-18,South Korea,1571,33960812,5,1,10.444444,
573,2021-10-19,South Korea,1441,34408639,5,0,9.655555999999999,
574,2021-10-20,South Korea,1440,34733484,4,1,9.0,
575,2021-10-21,South Korea,1507,35142855,5,1,9.994444,
576,2021-10-22,South Korea,1423,35777394,3,2,9.805556,
577,2021-10-23,South Korea,1190,36111771,-4,2,10.15,
578,2021-10-24,South Korea,1264,36128797,-5,1,10.788889,
579,2021-10-25,South Korea,1948,36562606,5,1,10.344444000000001,
580,2021-10-26,South Korea,2111,36844455,6,-1,12.505556,
581,2021-10-27,South Korea,2124,37103465,5,0,11.988889,
582,2021-10-28,South Korea,2103,37727905,5,0,12.094444000000001,
583,2021-10-29,South Korea,2061,38430795,4,1,12.483333,
584,2021-10-30,South Korea,1685,38789655,-5,1,10.983333,
585,2021-10-31,South Korea,1588,38811049,-4,0,12.755556,
586,2021-11-01,South Korea,2665,38930706,6,0,12.722222,2291.682373046875
587,2021-11-02,South Korea,2482,39018666,7,-1,10.961111,2781.1650390625
588,2021-11-03,South Korea,2344,39095144,6,0,11.066667,2560.80517578125
589,2021-11-04,South Korea,2247,39219919,6,0,11.744444,2520.18408203125
590,2021-11-05,South Korea,2223,39382871,4,0,11.755556,2454.940185546875
591,2021-11-06,South Korea,1758,39445952,-5,0,12.916667,2523.947265625
592,2021-11-07,South Korea,1714,39450350,-5,0,15.1,2436.40478515625
593,2021-11-08,South Korea,2425,39614648,4,3,8.566667,2452.331787109375
594,2021-11-09,South Korea,2520,39741111,6,1,7.2444440000000005,2624.316162109375
595,2021-11-10,South Korea,2368,39848793,5,1,6.805556,2767.046875
596,2021-11-11,South Korea,2416,39957868,3,1,6.627778,2717.591064453125
597,2021-11-12,South Korea,2325,40107752,1,2,4.877778,2610.872802734375
598,2021-11-13,South Korea,2006,40209053,-7,1,7.511111,2734.092529296875
599,2021-11-14,South Korea,2125,40212409,-8,0,9.238889,2538.099853515625
600,2021-09-01,Turkey,23946,37368108,-11,-2,25.544444,
601,2021-09-02,Turkey,23496,37645172,-9,-2,21.305556,
602,2021-09-03,Turkey,22857,37976800,-10,0,18.944444,
603,2021-09-04,Turkey,20033,38141442,0,-2,19.166667,
604,2021-09-05,Turkey,19391,38288329,2,-3,20.25,
605,2021-09-06,Turkey,20962,38628745,-11,-3,18.833333,
606,2021-09-07,Turkey,23638,38978541,-10,-3,18.122222,
607,2021-09-08,Turkey,23914,39298396,-9,-2,19.566667000000002,
608,2021-09-09,Turkey,23846,39599848,-7,-2,21.944444,
609,2021-09-10,Turkey,23562,39963236,-8,-1,22.305556,
610,2021-09-11,Turkey,22923,40158373,1,-1,20.161111,
611,2021-09-12,Turkey,21352,40305712,3,-2,20.427778,
612,2021-09-13,Turkey,24613,40635924,-9,-2,21.833333,
613,2021-09-14,Turkey,27802,40921431,-10,-2,22.083333,
614,2021-09-15,Turkey,28224,41182546,-9,-2,18.672222,
615,2021-09-16,Turkey,28118,41435326,-8,-2,15.35,
616,2021-09-17,Turkey,27692,41739242,-9,-1,15.7,
617,2021-09-18,Turkey,26161,41902917,0,-2,18.066667000000002,
618,2021-09-19,Turkey,26398,42024517,2,-2,20.622222,
619,2021-09-20,Turkey,27688,42286431,-8,-2,20.844444,
620,2021-09-21,Turkey,29338,42536503,-7,-2,21.677778,
621,2021-09-22,Turkey,28168,42774152,-2,-1,16.027778,
622,2021-09-23,Turkey,27844,43002194,0,0,11.927778,
623,2021-09-24,Turkey,27197,43285677,-2,-1,11.461111,
624,2021-09-25,Turkey,26145,43439793,2,-1,13.822222,
625,2021-09-26,Turkey,25861,43560247,3,-2,15.688889000000001,
626,2021-09-27,Turkey,27188,43813987,-2,-2,17.172222,
627,2021-09-28,Turkey,28892,44059772,-2,-2,16.794444,
628,2021-09-29,Turkey,29386,44059772,-1,-1,15.744444,
629,2021-09-30,Turkey,29104,44498344,2,-1,14.238889000000002,
630,2021-10-01,Turkey,28873,44758512,-1,0,13.566667,
631,2021-10-02,Turkey,27973,44910311,2,0,14.822222,
632,2021-10-03,Turkey,27351,45023309,1,-1,13.838889000000002,
633,2021-10-04,Turkey,28810,45258194,-1,-2,12.861111,
634,2021-10-05,Turkey,29802,45454130,-2,-2,12.177778,
635,2021-10-06,Turkey,30438,45638744,0,-1,11.488889,
636,2021-10-07,Turkey,30019,45807085,3,-2,12.894444,
637,2021-10-08,Turkey,30201,46030897,0,-1,14.488889000000002,
638,2021-10-09,Turkey,28645,46156214,2,0,17.005556,
639,2021-10-10,Turkey,28370,46245192,1,-1,18.444444,
640,2021-10-11,Turkey,30563,46435265,1,-2,17.955556,
641,2021-10-12,Turkey,33860,46617072,1,-1,18.433332999999998,
642,2021-10-13,Turkey,31248,46775005,3,-1,16.977778,
643,2021-10-14,Turkey,30709,46926728,5,-2,16.177778,
644,2021-10-15,Turkey,30694,47119099,3,0,16.355556,
645,2021-10-16,Turkey,28537,47226488,4,0,17.022222,
646,2021-10-17,Turkey,24114,47303190,2,1,14.405555999999999,
647,2021-10-18,Turkey,29240,47450026,2,-1,12.738889,
648,2021-10-19,Turkey,30862,47585869,2,-1,12.116667,
649,2021-10-20,Turkey,29760,47704367,4,-1,10.05,
650,2021-10-21,Turkey,28465,47817661,6,-1,9.877778,
651,2021-10-22,Turkey,28192,47962680,4,0,11.872222,
652,2021-10-23,Turkey,26217,48043489,5,-1,12.655555999999999,
653,2021-10-24,Turkey,24792,48100346,2,1,13.055556,
654,2021-10-25,Turkey,27663,48218503,4,-1,8.222222,
655,2021-10-26,Turkey,29643,48319754,4,-1,7.516667,
656,2021-10-27,Turkey,26896,48418126,5,-1,10.977778,
657,2021-10-28,Turkey,25528,48505748,-1,0,11.044444,
658,2021-10-29,Turkey,24409,48563435,-37,8,9.077778,
659,2021-10-30,Turkey,23096,48614256,-4,2,9.744444,
660,2021-10-31,Turkey,23948,48655853,1,0,12.316667,
661,2021-11-01,Turkey,28678,48758456,5,0,13.977778,27172.447265625
662,2021-11-02,Turkey,29796,48846431,5,0,12.816667,24464.150390625
663,2021-11-03,Turkey,29764,48927418,7,0,12.172222,24463.37890625
664,2021-11-04,Turkey,29482,49007760,9,-1,12.188889,28221.806640625
665,2021-11-05,Turkey,28193,49107343,7,0,11.861111,25608.751953125
666,2021-11-06,Turkey,27474,49155101,5,0,11.177778,24071.78125
667,2021-11-07,Turkey,25304,49190536,1,1,11.266667,22905.6640625
668,2021-11-08,Turkey,27824,49270114,6,-1,12.116667,25056.982421875
669,2021-11-09,Turkey,28662,49341966,6,-1,12.605556,27470.64453125
670,2021-11-10,Turkey,27259,49405070,7,0,6.1,26381.513671875
671,2021-11-11,Turkey,24898,49472726,9,0,2.661111,25631.3984375
672,2021-11-12,Turkey,23637,49554129,6,1,3.161111,25423.58984375
673,2021-11-13,Turkey,22583,49594716,2,1,6.305556,24123.95703125
674,2021-11-14,Turkey,21624,49626098,0,0,8.061111,22902.654296875
675,2021-09-01,United States of America,197054,174600017,-30,6,22.933332999999998,
676,2021-09-02,United States of America,180124,174973937,-30,6,23.183332999999998,
677,2021-09-03,United States of America,181393,175538025,-30,5,22.216667,
678,2021-09-04,United States of America,140697,175968266,-15,1,21.322222,
679,2021-09-05,United States of America,123170,175968266,-15,0,20.788889,
680,2021-09-06,United States of America,109182,175968266,-72,16,23.972222,
681,2021-09-07,United States of America,117289,176659496,-30,6,24.388889000000002,
682,2021-09-08,United States of America,167838,177104652,-28,6,19.922222,
683,2021-09-09,United States of America,184563,177433044,-27,6,20.255556,
684,2021-09-10,United States of America,167749,177899458,-25,4,22.744444,
685,2021-09-11,United States of America,151527,178328389,-9,1,25.977778,
686,2021-09-12,United States of America,114586,178692875,-11,2,25.172222,
687,2021-09-13,United States of America,112176,178692875,-28,6,23.622222,
688,2021-09-14,United States of America,160207,179289983,-28,6,21.677778,
689,2021-09-15,United States of America,160973,179695287,-27,5,19.755556,
690,2021-09-16,United States of America,165220,180086143,-28,6,25.688889,
691,2021-09-17,United States of America,155833,180572171,-27,4,21.711111,
692,2021-09-18,United States of America,121368,181035022,-11,1,20.277778,
693,2021-09-19,United States of America,95329,181382976,-13,1,25.288889,
694,2021-09-20,United States of America,91884,181728072,-27,5,23.338889,
695,2021-09-21,United States of America,133262,182012343,-26,6,15.688889000000001,
696,2021-09-22,United States of America,130809,182387840,-24,6,14.333332999999998,
697,2021-09-23,United States of America,133813,182587334,-24,5,18.133333,
698,2021-09-24,United States of America,131550,182958696,-24,4,19.066667000000002,
699,2021-09-25,United States of America,94118,183353326,-9,0,15.627778,
700,2021-09-26,United States of America,75539,183670870,-11,1,22.216667,
701,2021-09-27,United States of America,101959,183888907,-25,5,24.066667000000002,
702,2021-09-28,United States of America,115792,183888907,-24,5,22.922222,
703,2021-09-29,United States of America,115074,185537265,-23,5,22.594444,
704,2021-09-30,United States of America,120652,184601450,-23,5,17.527778,
705,2021-10-01,United States of America,118692,184852416,-23,4,16.494444,
706,2021-10-02,United States of America,79923,185143698,-10,1,16.561111,
707,2021-10-03,United States of America,66977,185492579,-12,1,16.627778,
708,2021-10-04,United States of America,86177,185788098,-25,5,17.711111,
709,2021-10-05,United States of America,102809,186060146,-24,5,16.061111,
710,2021-10-06,United States of America,105901,186385751,-23,5,16.08642,
711,2021-10-07,United States of America,110693,186618184,-23,5,17.987654,
712,2021-10-08,United States of America,106497,186917921,-24,5,20.222222,
713,2021-10-09,United States of America,68713,187215471,-10,1,20.661111,
714,2021-10-10,United States of America,58209,187215471,-12,1,16.794444,
715,2021-10-11,United States of America,74265,187215471,-32,7,13.966667000000001,
716,2021-10-12,United States of America,89977,187714829,-24,5,14.827778,
717,2021-10-13,United States of America,95786,187937559,-23,5,14.766667000000002,
718,2021-10-14,United States of America,94657,188281747,-23,5,8.766667,
719,2021-10-15,United States of America,90144,188655196,-24,4,8.988889,
720,2021-10-16,United States of America,61345,188902483,-10,0,8.916667,
721,2021-10-17,United States of America,48454,189141481,-12,1,12.677778,
722,2021-10-18,United States of America,68842,189292559,-24,5,14.611111,
723,2021-10-19,United States of America,79598,189487793,-23,5,16.733333,
724,2021-10-20,United States of America,75276,189709710,-23,5,12.655555999999999,
725,2021-10-21,United States of America,86398,189924447,-23,5,7.127778,
726,2021-10-22,United States of America,80726,190179553,-23,4,10.466667,
727,2021-10-23,United States of America,29730,190402262,-10,1,10.188889,
728,2021-10-24,United States of America,21153,190578704,-13,2,12.177778,
729,2021-10-25,United States of America,93689,190699790,-24,6,7.016667,
730,2021-10-26,United States of America,101702,190793100,-23,6,10.883333,
731,2021-10-27,United States of America,82766,190990750,-22,5,12.488889,
732,2021-10-28,United States of America,81976,191242432,-22,5,10.861111,
733,2021-10-29,United States of America,84759,191997869,-22,5,9.822222,
734,2021-10-30,United States of America,28766,192244927,-10,1,9.672222,
735,2021-10-31,United States of America,20553,192453500,-13,1,7.5,
736,2021-11-01,United States of America,118164,192586927,-24,6,3.905556,55027.0
737,2021-11-02,United States of America,72225,192726406,-24,6,3.722222,59095.0078125
738,2021-11-03,United States of America,78951,192931486,-22,5,4.733333,59254.5703125
739,2021-11-04,United States of America,87199,193227813,-22,6,6.094444,60042.07421875
740,2021-11-05,United States of America,88208,193425862,-22,5,10.227778,59019.43359375
741,2021-11-06,United States of America,28489,193627929,-10,2,11.277778,51345.55859375
742,2021-11-07,United States of America,24447,193832584,-11,2,13.755556,47510.203125
743,2021-11-08,United States of America,127104,194001108,-22,5,10.333333,48254.1484375
744,2021-11-09,United States of America,82044,194168611,-22,5,9.033333,55914.5390625
745,2021-11-10,United States of America,89109,194382921,-21,5,9.438889,57365.98828125
746,2021-11-11,United States of America,70492,194382921,-33,8,6.433333,57769.8515625
747,2021-11-12,United States of America,121582,194747839,-24,6,4.266667,57076.65234375
748,2021-11-13,United States of America,47498,194951106,-10,2,1.6444439999999998,51105.25
749,2021-11-14,United States of America,26825,195120470,-12,2,7.872222,46276.46875
750,2021-09-01,South Africa,9201,6145216,-9,14,14.244444,
751,2021-09-02,South Africa,9199,6301758,-9,14,18.462963000000002,
752,2021-09-03,South Africa,8411,6301758,-8,13,19.191357999999997,
753,2021-09-04,South Africa,5930,6301758,9,9,17.027778,
754,2021-09-05,South Africa,4118,6492469,8,10,17.530864,
755,2021-09-06,South Africa,5372,6492469,-9,15,14.845679,
756,2021-09-07,South Africa,7338,6751662,-10,16,12.388889,
757,2021-09-08,South Africa,6270,6751662,-9,15,13.746914000000002,
758,2021-09-09,South Africa,5885,6888163,-9,15,18.133333,
759,2021-09-10,South Africa,5309,7153911,-7,14,20.444444,
760,2021-09-11,South Africa,3961,7187179,11,10,19.983333,
761,2021-09-12,South Africa,2640,7199405,8,11,20.211111,
762,2021-09-13,South Africa,3699,7330517,-9,15,20.067901000000003,
763,2021-09-14,South Africa,4667,7473903,-10,15,20.055556,
764,2021-09-15,South Africa,4215,7609183,-9,15,14.566667,
765,2021-09-16,South Africa,3648,7734069,-10,15,12.372222,
766,2021-09-17,South Africa,3286,7734069,-9,13,12.522222,
767,2021-09-18,South Africa,2281,7734069,10,10,17.166667,
768,2021-09-19,South Africa,1504,7911171,9,11,19.450617,
769,2021-09-20,South Africa,2197,7911171,-10,15,16.0625,
770,2021-09-21,South Africa,2967,8108520,-9,15,14.0,
771,2021-09-22,South Africa,2783,8228296,-8,14,17.494444,
772,2021-09-23,South Africa,2261,8344762,-11,9,19.988889,
773,2021-09-24,South Africa,1634,8362232,-68,22,21.722222,
774,2021-09-25,South Africa,967,8362232,-5,9,22.65,
775,2021-09-26,South Africa,578,8391620,5,6,23.277778,
776,2021-09-27,South Africa,1367,8501712,-10,14,24.294444,
777,2021-09-28,South Africa,2105,8501712,-8,14,23.141975,
778,2021-09-29,South Africa,1678,8501712,-9,14,19.8125,
779,2021-09-30,South Africa,1635,8819130,-8,13,19.638889000000002,
780,2021-10-01,South Africa,1306,8819130,-9,12,19.011111,
781,2021-10-02,South Africa,809,8819130,8,8,16.166667,
782,2021-10-03,South Africa,429,9075189,10,8,13.288889000000001,
783,2021-10-04,South Africa,768,9075189,-17,15,14.376543,
784,2021-10-05,South Africa,1149,9364725,-17,15,16.530864,
785,2021-10-06,South Africa,989,9526247,-17,15,20.407407,
786,2021-10-07,South Africa,924,9526247,-17,15,21.5,
787,2021-10-08,South Africa,816,9686443,-17,14,20.018519,
788,2021-10-09,South Africa,648,9686443,8,7,18.205556,
789,2021-10-10,South Africa,201,9686443,7,7,17.45,
790,2021-10-11,South Africa,592,9911989,-7,12,20.722222,
791,2021-10-12,South Africa,942,9911989,-6,12,22.833333,
792,2021-10-13,South Africa,947,10218549,-6,12,25.339506,
793,2021-10-14,South Africa,733,10218549,-5,13,24.25,
794,2021-10-15,South Africa,619,10539458,-4,12,22.513889000000002,
795,2021-10-16,South Africa,414,10539458,12,10,14.761904999999999,
796,2021-10-17,South Africa,210,10759755,10,11,13.444444,
797,2021-10-18,South Africa,453,10759755,-6,14,14.574074,
798,2021-10-19,South Africa,591,11036024,-5,14,17.358025,
799,2021-10-20,South Africa,520,11036024,-5,13,20.043210000000002,
800,2021-10-21,South Africa,517,11036024,-5,14,19.438272,
801,2021-10-22,South Africa,449,11036024,-4,13,16.845679,
802,2021-10-23,South Africa,300,11546163,13,9,16.197531,
803,2021-10-24,South Africa,146,11546163,11,9,15.734568,
804,2021-10-25,South Africa,330,11697646,-5,13,17.069444,
805,2021-10-26,South Africa,472,11697646,-4,12,20.35,
806,2021-10-27,South Africa,532,11697646,-4,11,19.294444,
807,2021-10-28,South Africa,475,11697646,-5,10,17.405556,
808,2021-10-29,South Africa,300,11697646,-4,8,18.388889000000002,
809,2021-10-30,South Africa,230,12305320,13,4,17.211111,
810,2021-10-31,South Africa,106,12317435,15,6,19.816667000000002,
811,2021-11-01,South Africa,169,12317435,-71,24,20.588889,494.99737548828125
812,2021-11-02,South Africa,344,12537511,-3,11,16.588889,460.1529235839844
813,2021-11-03,South Africa,319,12620892,-2,12,18.361110999999998,452.68505859375
814,2021-11-04,South Africa,339,12737700,-4,13,20.588889,441.69268798828125
815,2021-11-05,South Africa,358,12737700,-1,10,23.155556,427.47018432617193
816,2021-11-06,South Africa,205,12803590,15,6,22.161111,384.8377380371094
817,2021-11-07,South Africa,116,12810692,12,8,24.15,366.5936584472656
818,2021-11-08,South Africa,245,12934946,-6,12,18.416667,394.58978271484375
819,2021-11-09,South Africa,305,13030588,-4,10,17.005556,423.4305114746094
820,2021-11-10,South Africa,356,13124865,-4,11,20.703704000000002,414.7228698730469
821,2021-11-11,South Africa,393,13124865,-4,11,22.416667,417.5445861816406
822,2021-11-12,South Africa,306,13324316,-2,11,23.094444,415.4205017089844
823,2021-11-13,South Africa,262,13375972,15,9,22.851851999999997,390.07501220703125
824,2021-11-14,South Africa,136,13402141,13,10,23.382716000000002,382.5855102539063
